https://ui.devigner.cc	home
https://ui.devigner.cc/components	components
https://ui.devigner.cc/requests	requests
https://ui.devigner.cc/components/contact-lens	components-contact-lens
https://ui.devigner.cc/components/copy-button	components-copy-button
https://ui.devigner.cc/components/nav-notch	components-nav-notch
https://ui.devigner.cc/components/liquid-glass	components-liquid-glass
https://ui.devigner.cc/components/slider	components-slider
https://ui.devigner.cc/components/file-upload	components-file-upload
https://ui.devigner.cc/components/goo-switch	components-goo-switch
https://ui.devigner.cc/components/inline-time-edit	components-inline-time-edit
https://ui.devigner.cc/components/date-range-picker	components-date-range-picker
https://ui.devigner.cc/components/chart-card	components-chart-card
https://ui.devigner.cc/components/delete-button	components-delete-button
https://ui.devigner.cc/components/menu-dock	components-menu-dock
https://ui.devigner.cc/components/timeline	components-timeline
https://ui.devigner.cc/components/magnetic-button	components-magnetic-button
