https://uselayouts.com	home
https://uselayouts.com/browse	browse
https://uselayouts.com/sponsor	sponsor
https://uselayouts.com/sponsor/thanks	sponsor-thanks
https://uselayouts.com/docs	docs
https://uselayouts.com/preview/stack-scroll-reveal	preview-stack-scroll-reveal
https://uselayouts.com/docs/components/3d-book	docs-components-3d-book
https://uselayouts.com/docs/components/accessible-action	docs-components-accessible-action
https://uselayouts.com/docs/components/accordionos	docs-components-accordionos
https://uselayouts.com/docs/components/analog-stick	docs-components-analog-stick
https://uselayouts.com/docs/components/animated-collection	docs-components-animated-collection
https://uselayouts.com/docs/components/bento-card	docs-components-bento-card
https://uselayouts.com/docs/components/bottom-menu	docs-components-bottom-menu
https://uselayouts.com/docs/components/bucket	docs-components-bucket
https://uselayouts.com/docs/components/card-folder	docs-components-card-folder
https://uselayouts.com/docs/components/client-card	docs-components-client-card
https://uselayouts.com/docs/components/confidential-folder	docs-components-confidential-folder
https://uselayouts.com/docs/components/corner-video	docs-components-corner-video
https://uselayouts.com/docs/components/coverflow-drag	docs-components-coverflow-drag
https://uselayouts.com/docs/components/create-menu	docs-components-create-menu
https://uselayouts.com/docs/components/curve-drawer	docs-components-curve-drawer
https://uselayouts.com/docs/components/day-picker	docs-components-day-picker
https://uselayouts.com/docs/components/dd	docs-components-dd
https://uselayouts.com/docs/components/delete-button	docs-components-delete-button
https://uselayouts.com/docs/components/discover-button	docs-components-discover-button
https://uselayouts.com/docs/components/discrete-tabs	docs-components-discrete-tabs
https://uselayouts.com/docs/components/drawer-buttons	docs-components-drawer-buttons
https://uselayouts.com/docs/components/dynamic-grid-gallery	docs-components-dynamic-grid-gallery
https://uselayouts.com/docs/components/dynamic-toolbar	docs-components-dynamic-toolbar
https://uselayouts.com/docs/components/editorial-deck	docs-components-editorial-deck
https://uselayouts.com/docs/components/empty-testimonial	docs-components-empty-testimonial
https://uselayouts.com/docs/components/expandable-gallery	docs-components-expandable-gallery
https://uselayouts.com/docs/components/feature-carousel	docs-components-feature-carousel
https://uselayouts.com/docs/components/filter-interaction	docs-components-filter-interaction
https://uselayouts.com/docs/components/fluid-expanding-grid	docs-components-fluid-expanding-grid
https://uselayouts.com/docs/components/focus-testimonials	docs-components-focus-testimonials
https://uselayouts.com/docs/components/folder-interaction	docs-components-folder-interaction
https://uselayouts.com/docs/components/get-in-touch	docs-components-get-in-touch
https://uselayouts.com/docs/components/gooey-navbar	docs-components-gooey-navbar
https://uselayouts.com/docs/components/holographic-referral-card	docs-components-holographic-referral-card
https://uselayouts.com/docs/components/infinite-grid	docs-components-infinite-grid
https://uselayouts.com/docs/components/inline-edit	docs-components-inline-edit
https://uselayouts.com/docs/components/liquid-index	docs-components-liquid-index
https://uselayouts.com/docs/components/magnified-bento	docs-components-magnified-bento
https://uselayouts.com/docs/components/morphing-input	docs-components-morphing-input
https://uselayouts.com/docs/components/multi-step-form	docs-components-multi-step-form
https://uselayouts.com/docs/components/overlapping-slider	docs-components-overlapping-slider
https://uselayouts.com/docs/components/paper-shred-button	docs-components-paper-shred-button
https://uselayouts.com/docs/components/perspective-text-scroll	docs-components-perspective-text-scroll
https://uselayouts.com/docs/components/photo-albums	docs-components-photo-albums
https://uselayouts.com/docs/components/polaroid-drag	docs-components-polaroid-drag
https://uselayouts.com/docs/components/polaroid-stack	docs-components-polaroid-stack
https://uselayouts.com/docs/components/pop-tilt-cards	docs-components-pop-tilt-cards
https://uselayouts.com/docs/components/pricing-card	docs-components-pricing-card
https://uselayouts.com/docs/components/prompt-box	docs-components-prompt-box
https://uselayouts.com/docs/components/rolling-card-stack	docs-components-rolling-card-stack
https://uselayouts.com/docs/components/save-button	docs-components-save-button
https://uselayouts.com/docs/components/scan-document	docs-components-scan-document
https://uselayouts.com/docs/components/scroll-split-cards	docs-components-scroll-split-cards
https://uselayouts.com/docs/components/scroll-stack-deck	docs-components-scroll-stack-deck
https://uselayouts.com/docs/components/set-timer	docs-components-set-timer
https://uselayouts.com/docs/components/shake-testimonial-card	docs-components-shake-testimonial-card
https://uselayouts.com/docs/components/slide-subscribe	docs-components-slide-subscribe
https://uselayouts.com/docs/components/smooth-dropdown	docs-components-smooth-dropdown
https://uselayouts.com/docs/components/stack-scroll-reveal	docs-components-stack-scroll-reveal
https://uselayouts.com/docs/components/stacked-list	docs-components-stacked-list
https://uselayouts.com/docs/components/stacked-outline-text	docs-components-stacked-outline-text
https://uselayouts.com/docs/components/tactile-button	docs-components-tactile-button
https://uselayouts.com/docs/components/theme-toggle	docs-components-theme-toggle
https://uselayouts.com/docs/components/vertical-tabs	docs-components-vertical-tabs
https://uselayouts.com/docs/components/wheel-carousel	docs-components-wheel-carousel
